"food_name","slug","file","source_url","commons_file_page","license_note"
"Papaya","papaya-fresh","papaya-fresh.jpg","https://upload.wikimedia.org/wikipedia/commons/e/ee/Papaya_-_longitudinal_section_close-up_view.jpg","https://commons.wikimedia.org/wiki/File:Papaya_-_longitudinal_section_close-up_view.jpg","See Commons file page for creator and license"
"Peach","peach","peach.jpg","https://upload.wikimedia.org/wikipedia/commons/9/9e/Autumn_Red_peaches.jpg","https://commons.wikimedia.org/wiki/File:Autumn_Red_peaches.jpg","See Commons file page for creator and license"
"Red-Flesh Guava","guava-red-flesh","guava-red-flesh.jpg","https://upload.wikimedia.org/wikipedia/commons/6/6e/DFC_3945_A_pile_of_glossy_green_guavas_with_one_sliced_open_to_reveal_its_bright_pink_seed-speckled_interior.jpg","https://commons.wikimedia.org/wiki/File:DFC_3945_A_pile_of_glossy_green_guavas_with_one_sliced_open_to_reveal_its_bright_pink_seed-speckled_interior.jpg","See Commons file page for creator and license"
"Lychee","lychee","lychee.jpg","https://upload.wikimedia.org/wikipedia/commons/5/5c/Lychee_fruits_and_seed.jpg","https://commons.wikimedia.org/wiki/File:Lychee_fruits_and_seed.jpg","See Commons file page for creator and license"
"Zucchini","zucchini","zucchini.jpg","https://upload.wikimedia.org/wikipedia/commons/a/ac/Zucchini_in_basket_2021_G1.jpg","https://commons.wikimedia.org/wiki/File:Zucchini_in_basket_2021_G1.jpg","See Commons file page for creator and license"
"Bottle Gourd","bottle-gourd","bottle-gourd.jpg","https://upload.wikimedia.org/wikipedia/commons/9/91/Lagenaria_siceraria_kz02.jpg","https://commons.wikimedia.org/wiki/File:Lagenaria_siceraria_kz02.jpg","See Commons file page for creator and license"
"Bitter Gourd","bitter-gourd","bitter-gourd.jpg","https://upload.wikimedia.org/wikipedia/commons/a/a6/White_bitter_gourd.jpg","https://commons.wikimedia.org/wiki/File:White_bitter_gourd.jpg","See Commons file page for creator and license"
"Sweet Potato","sweet-potato","sweet-potato.jpg","https://upload.wikimedia.org/wikipedia/commons/4/41/Raw_sweet_potato.jpg","https://commons.wikimedia.org/wiki/File:Raw_sweet_potato.jpg","See Commons file page for creator and license"
"Radish","radish","radish.jpg","https://upload.wikimedia.org/wikipedia/commons/5/51/Radish_Field_Hullathy_Nov24_A7CR_05179.jpg","https://commons.wikimedia.org/wiki/File:Radish_Field_Hullathy_Nov24_A7CR_05179.jpg","See Commons file page for creator and license"
"Cornmeal","cornmeal","cornmeal.jpg","https://upload.wikimedia.org/wikipedia/commons/1/1d/Polenta_uncooked.jpg","https://commons.wikimedia.org/wiki/File:Polenta_uncooked.jpg","See Commons file page for creator and license"
"Poha","flattened-rice-poha","flattened-rice-poha.jpg","https://upload.wikimedia.org/wikipedia/commons/8/8b/Indian_breakfast-_Poha.jpg","https://commons.wikimedia.org/wiki/File:Indian_breakfast-_Poha.jpg","See Commons file page for creator and license"
"Pearl Millet","bajra","bajra.jpg","https://upload.wikimedia.org/wikipedia/commons/f/f0/Grain_millet%2C_early_grain_fill%2C_Tifton%2C_7-3-02.jpg","https://commons.wikimedia.org/wiki/File:Grain_millet%2C_early_grain_fill%2C_Tifton%2C_7-3-02.jpg","See Commons file page for creator and license"
"Black-Eyed Peas","black-eyed-peas","black-eyed-peas.jpg","https://upload.wikimedia.org/wikipedia/commons/5/5c/Black_eyed_peas_food.jpg","https://commons.wikimedia.org/wiki/File:Black_eyed_peas_food.jpg","See Commons file page for creator and license"
"Red Lentils","red-lentils","red-lentils.jpg","https://upload.wikimedia.org/wikipedia/commons/9/9f/Red_lentils.JPG","https://commons.wikimedia.org/wiki/File:Red_lentils.JPG","See Commons file page for creator and license"
"Plain Curd","curd","curd.jpg","https://upload.wikimedia.org/wikipedia/commons/b/b8/Joghurt.jpg","https://commons.wikimedia.org/wiki/File:Joghurt.jpg","See Commons file page for creator and license"
"Plain Lassi","lassi","lassi.jpg","https://upload.wikimedia.org/wikipedia/commons/7/78/Plain_Lassi_in_a_glass.jpg","https://commons.wikimedia.org/wiki/File:Plain_Lassi_in_a_glass.jpg","See Commons file page for creator and license"
"Goat Meat","goat-meat","goat-meat.jpg","https://upload.wikimedia.org/wikipedia/commons/6/63/Goat_chops.jpg","https://commons.wikimedia.org/wiki/File:Goat_chops.jpg","See Commons file page for creator and license"
"Rohu Fish","rohu-fish","rohu-fish.jpg","https://upload.wikimedia.org/wikipedia/commons/7/74/Rohu_%28Labeo_rohita%29.jpg","https://commons.wikimedia.org/wiki/File:Rohu_(Labeo_rohita).jpg","See Commons file page for creator and license"
"Quail Eggs","quail-eggs","quail-eggs.jpg","https://upload.wikimedia.org/wikipedia/commons/3/33/Braised_quail_eggs.jpg","https://commons.wikimedia.org/wiki/File:Braised_quail_eggs.jpg","See Commons file page for creator and license"
"Plain Dosa","plain-dosa","plain-dosa.jpg","https://upload.wikimedia.org/wikipedia/commons/0/0d/Plain_Dosa_with_Peanut_Chutney.jpg","https://commons.wikimedia.org/wiki/File:Plain_Dosa_with_Peanut_Chutney.jpg","See Commons file page for creator and license"
"Fox Nuts","makhana","makhana.jpg","https://upload.wikimedia.org/wikipedia/commons/a/a4/Phool_Makhana.JPG","https://commons.wikimedia.org/wiki/File:Phool_Makhana.JPG","See Commons file page for creator and license"
"Apricot","apricot","apricot.jpg","https://upload.wikimedia.org/wikipedia/commons/2/2a/Apricot_and_cross_section.jpg","https://commons.wikimedia.org/wiki/File:Apricot_and_cross_section.jpg","See Commons file page for creator and license"
"Plum","plum","plum.jpg","https://upload.wikimedia.org/wikipedia/commons/5/5c/Plum_in_a_black_background_02.jpg","https://commons.wikimedia.org/wiki/File:Plum_in_a_black_background_02.jpg","See Commons file page for creator and license"
"Cherries","cherries","cherries.jpg","https://upload.wikimedia.org/wikipedia/commons/a/a5/Sweet_cherries_in_basket_2018_G1.jpg","https://commons.wikimedia.org/wiki/File:Sweet_cherries_in_basket_2018_G1.jpg","See Commons file page for creator and license"
"Raspberries","raspberries","raspberries.jpg","https://upload.wikimedia.org/wikipedia/commons/a/a2/Raspberries_%28Rubus_Idaeus%29.jpg","https://commons.wikimedia.org/wiki/File:Raspberries_(Rubus_Idaeus).jpg","See Commons file page for creator and license"
"Blackberries","blackberries","blackberries.jpg","https://upload.wikimedia.org/wikipedia/commons/c/cc/Blackberries_%28Rubus_fruticosus%29.jpg","https://commons.wikimedia.org/wiki/File:Blackberries_(Rubus_fruticosus).jpg","See Commons file page for creator and license"
"Blueberries","blueberries","blueberries.jpg","https://upload.wikimedia.org/wikipedia/commons/7/7d/Dish_of_blueberries.jpg","https://commons.wikimedia.org/wiki/File:Dish_of_blueberries.jpg","See Commons file page for creator and license"
"Cantaloupe","cantaloupe","cantaloupe.jpg","https://upload.wikimedia.org/wikipedia/commons/b/b1/Canteloupe_and_cross_section.jpg","https://commons.wikimedia.org/wiki/File:Canteloupe_and_cross_section.jpg","See Commons file page for creator and license"
"Honeydew Melon","honeydew-melon","honeydew-melon.jpg","https://upload.wikimedia.org/wikipedia/commons/f/f5/Honeydew.jpg","https://commons.wikimedia.org/wiki/File:Honeydew.jpg","See Commons file page for creator and license"
"Figs","figs","figs.jpg","https://upload.wikimedia.org/wikipedia/commons/e/e5/Fig_%28Ficus_carica%29_fruit_halved.jpg","https://commons.wikimedia.org/wiki/File:Fig_(Ficus_carica)_fruit_halved.jpg","See Commons file page for creator and license"
"Dates","dates","dates.jpg","https://upload.wikimedia.org/wikipedia/commons/3/38/Mazafati_dates_-_whole%2C_halved_and_seed.jpg","https://commons.wikimedia.org/wiki/File:Mazafati_dates_-_whole%2C_halved_and_seed.jpg","See Commons file page for creator and license"
"Raisins","raisins","raisins.jpg","https://upload.wikimedia.org/wikipedia/commons/7/7d/Raisins_01.jpg","https://commons.wikimedia.org/wiki/File:Raisins_01.jpg","See Commons file page for creator and license"
"Coconut Flesh","coconut","coconut.jpg","https://upload.wikimedia.org/wikipedia/commons/9/9f/Fresh_coconut_flesh.jpg","https://commons.wikimedia.org/wiki/File:Fresh_coconut_flesh.jpg","See Commons file page for creator and license"
"Avocado","avocado","avocado.jpg","https://upload.wikimedia.org/wikipedia/commons/5/5d/Avocado_with_cross_section_edit.jpg","https://commons.wikimedia.org/wiki/File:Avocado_with_cross_section_edit.jpg","See Commons file page for creator and license"
"Star Fruit","starfruit","starfruit.jpg","https://upload.wikimedia.org/wikipedia/commons/8/8e/Star_fruit_photo.jpg","https://commons.wikimedia.org/wiki/File:Star_fruit_photo.jpg","See Commons file page for creator and license"
"Dragon Fruit","dragon-fruit","dragon-fruit.jpg","https://upload.wikimedia.org/wikipedia/commons/7/71/Yellow_dragon_fruit_with_spoon_%2850847s%29.jpg","https://commons.wikimedia.org/wiki/File:Yellow_dragon_fruit_with_spoon_(50847s).jpg","See Commons file page for creator and license"
"Jackfruit","jackfruit","jackfruit.jpg","https://upload.wikimedia.org/wikipedia/commons/1/15/Jackfruit_Flesh.jpg","https://commons.wikimedia.org/wiki/File:Jackfruit_Flesh.jpg","See Commons file page for creator and license"
"Custard Apple","custard-apple","custard-apple.jpg","https://upload.wikimedia.org/wikipedia/commons/4/4a/Annona_reticulata_fruits.JPG","https://commons.wikimedia.org/wiki/File:Annona_reticulata_fruits.JPG","See Commons file page for creator and license"
"Fresh Figs","fresh-figs","fresh-figs.jpg","https://upload.wikimedia.org/wikipedia/commons/3/32/Fresh_figs.jpg","https://commons.wikimedia.org/wiki/File:Fresh_figs.jpg","See Commons file page for creator and license"
"Tangerine","tangerine","tangerine.jpg","https://upload.wikimedia.org/wikipedia/commons/3/30/Tangerine_halves.jpg","https://commons.wikimedia.org/wiki/File:Tangerine_halves.jpg","See Commons file page for creator and license"
"Grapefruit","grapefruit","grapefruit.jpg","https://upload.wikimedia.org/wikipedia/commons/d/d0/Citrus_paradisi_%28Grapefruit%2C_pink%29_white_bg.jpg","https://commons.wikimedia.org/wiki/File:Citrus_paradisi_(Grapefruit%2C_pink)_white_bg.jpg","See Commons file page for creator and license"
"Cranberries","cranberries","cranberries.jpg","https://upload.wikimedia.org/wikipedia/commons/e/e6/Cranberry_and_moss.jpg","https://commons.wikimedia.org/wiki/File:Cranberry_and_moss.jpg","See Commons file page for creator and license"
"Indian Gooseberry","indian-gooseberry","indian-gooseberry.jpg","https://upload.wikimedia.org/wikipedia/commons/1/11/Indian_gooseberry_%28Phyllanthus_emblica_syn_Emblica_officinalis%29_at_Jayanti%2C_Duars%2C_West_Bengal_W_Picture_045.jpg","https://commons.wikimedia.org/wiki/File:Indian_gooseberry_(Phyllanthus_emblica_syn_Emblica_officinalis)_at_Jayanti%2C_Duars%2C_West_Bengal_W_Picture_045.jpg","See Commons file page for creator and license"
"Mulberries","mulberries","mulberries.jpg","https://upload.wikimedia.org/wikipedia/commons/6/66/Morus_sp._02.jpg","https://commons.wikimedia.org/wiki/File:Morus_sp._02.jpg","See Commons file page for creator and license"
"Persimmon","persimmon","persimmon.jpg","https://upload.wikimedia.org/wikipedia/commons/a/a6/Fuyu_Persimmon_%28Diospyros_Kaki%29.jpg","https://commons.wikimedia.org/wiki/File:Fuyu_Persimmon_(Diospyros_Kaki).jpg","See Commons file page for creator and license"
"Turnip","turnip","turnip.jpg","https://upload.wikimedia.org/wikipedia/commons/a/ad/Turnip-ja202211-1.jpg","https://commons.wikimedia.org/wiki/File:Turnip-ja202211-1.jpg","See Commons file page for creator and license"
"Spring Onion","spring-onion","spring-onion.jpg","https://upload.wikimedia.org/wikipedia/commons/e/eb/Fresh_Spring_Onion.jpg","https://commons.wikimedia.org/wiki/File:Fresh_Spring_Onion.jpg","See Commons file page for creator and license"
"Lettuce","lettuce","lettuce.jpg","https://upload.wikimedia.org/wikipedia/commons/6/6b/Romaine_lettuce.jpg","https://commons.wikimedia.org/wiki/File:Romaine_lettuce.jpg","See Commons file page for creator and license"
"Kale","kale","kale.jpg","https://upload.wikimedia.org/wikipedia/commons/9/9c/KaleSlo1.jpg","https://commons.wikimedia.org/wiki/File:KaleSlo1.jpg","See Commons file page for creator and license"
"Swiss Chard","swiss-chard","swiss-chard.jpg","https://upload.wikimedia.org/wikipedia/commons/d/d1/Rainbow_chard_for_sale_at_the_Campbell_farmers_market.jpg","https://commons.wikimedia.org/wiki/File:Rainbow_chard_for_sale_at_the_Campbell_farmers_market.jpg","See Commons file page for creator and license"
"Artichoke","artichoke","artichoke.jpg","https://upload.wikimedia.org/wikipedia/commons/0/07/Globe_artichoke_Cynara_cardunculus_at_Riverside_Moorings%2C_Shoreham%2C_West_Sussex%2C_England.jpg","https://commons.wikimedia.org/wiki/File:Globe_artichoke_Cynara_cardunculus_at_Riverside_Moorings%2C_Shoreham%2C_West_Sussex%2C_England.jpg","See Commons file page for creator and license"
"Ash Gourd","ash-gourd","ash-gourd.jpg","https://upload.wikimedia.org/wikipedia/commons/b/b1/India_Ash_Gourd.jpg","https://commons.wikimedia.org/wiki/File:India_Ash_Gourd.jpg","See Commons file page for creator and license"
"Snake Gourd","snake-gourd","snake-gourd.jpg","https://upload.wikimedia.org/wikipedia/commons/6/6b/Trichosanthes_cucumerina_%28snake_gourd%29.jpg","https://commons.wikimedia.org/wiki/File:Trichosanthes_cucumerina_(snake_gourd).jpg","See Commons file page for creator and license"
"Celery","celery","celery.jpg","https://upload.wikimedia.org/wikipedia/commons/2/2b/Liat_Portal_for_Foodie_Disorder_-_Celery_from_San_Francisco_Farmers_Market.jpg","https://commons.wikimedia.org/wiki/File:Liat_Portal_for_Foodie_Disorder_-_Celery_from_San_Francisco_Farmers_Market.jpg","See Commons file page for creator and license"
"Fennel Bulb","fennel-bulb","fennel-bulb.jpg","https://upload.wikimedia.org/wikipedia/commons/2/23/Fennel_bulb_from_Brazil.jpg","https://commons.wikimedia.org/wiki/File:Fennel_bulb_from_Brazil.jpg","See Commons file page for creator and license"
"Couscous","couscous","couscous.jpg","https://upload.wikimedia.org/wikipedia/commons/0/0c/Moroccan_cuscus%2C_from_Casablanca%2C_September_2018.jpg","https://commons.wikimedia.org/wiki/File:Moroccan_cuscus%2C_from_Casablanca%2C_September_2018.jpg","See Commons file page for creator and license"
"Amaranth","amaranth","amaranth.jpg","https://upload.wikimedia.org/wikipedia/commons/1/1a/Edible_Amaranth_Seed.jpg","https://commons.wikimedia.org/wiki/File:Edible_Amaranth_Seed.jpg","See Commons file page for creator and license"
"Sorghum","sorghum","sorghum.jpg","https://upload.wikimedia.org/wikipedia/commons/1/1f/Sorghum_bicolor_Moderne_MHNT.BOT.2015.34.152.jpg","https://commons.wikimedia.org/wiki/File:Sorghum_bicolor_Moderne_MHNT.BOT.2015.34.152.jpg","See Commons file page for creator and license"
"Rye","rye","rye.jpg","https://upload.wikimedia.org/wikipedia/commons/2/25/Secale_cereale%2C_rogge._%28actm%29_02.jpg","https://commons.wikimedia.org/wiki/File:Secale_cereale%2C_rogge._(actm)_02.jpg","See Commons file page for creator and license"
"Cornflakes","cornflakes","cornflakes.jpg","https://upload.wikimedia.org/wikipedia/commons/6/6a/Cornflakes_in_bowl.jpg","https://commons.wikimedia.org/wiki/File:Cornflakes_in_bowl.jpg","See Commons file page for creator and license"
"Pigeon Peas","pigeon-peas","pigeon-peas.jpg","https://upload.wikimedia.org/wikipedia/commons/8/83/Pigeon_Pea_field_in_Andhra_Pradesh_%2813053%29.jpg","https://commons.wikimedia.org/wiki/File:Pigeon_Pea_field_in_Andhra_Pradesh_(13053).jpg","See Commons file page for creator and license"
"White Beans","white-beans","white-beans.jpg","https://upload.wikimedia.org/wikipedia/commons/f/f3/White_beans_04.jpg","https://commons.wikimedia.org/wiki/File:White_beans_04.jpg","See Commons file page for creator and license"
"Pistachios","pistachios","pistachios.jpg","https://upload.wikimedia.org/wikipedia/commons/0/04/Pistachio.jpg","https://commons.wikimedia.org/wiki/File:Pistachio.jpg","See Commons file page for creator and license"
"Sunflower Seeds","sunflower-seeds","sunflower-seeds.jpg","https://upload.wikimedia.org/wikipedia/commons/0/03/Sunflower_with_seeds_02.jpg","https://commons.wikimedia.org/wiki/File:Sunflower_with_seeds_02.jpg","See Commons file page for creator and license"
"Cheddar Cheese","cheddar-cheese","cheddar-cheese.jpg","https://upload.wikimedia.org/wikipedia/commons/b/bf/White_cheddar_cheese.jpg","https://commons.wikimedia.org/wiki/File:White_cheddar_cheese.jpg","See Commons file page for creator and license"
"Chicken Thigh","chicken-thigh","chicken-thigh.jpg","https://upload.wikimedia.org/wikipedia/commons/5/5c/Fried_Chicken_Thigh_%26_Leg_with_Potato_Fries.jpg","https://commons.wikimedia.org/wiki/File:Fried_Chicken_Thigh_%26_Leg_with_Potato_Fries.jpg","See Commons file page for creator and license"
"Mackerel","mackerel","mackerel.jpg","https://upload.wikimedia.org/wikipedia/commons/e/e3/Atlantic_mackerel_%28Scomber_scombrus%29.jpg","https://commons.wikimedia.org/wiki/File:Atlantic_mackerel_(Scomber_scombrus).jpg","See Commons file page for creator and license"
"Air-Popped Popcorn","air-popped-popcorn","air-popped-popcorn.jpg","https://upload.wikimedia.org/wikipedia/commons/7/75/Air-Popped_Popcorn_%2845813595124%29.jpg","https://commons.wikimedia.org/wiki/File:Air-Popped_Popcorn_(45813595124).jpg","See Commons file page for creator and license"
"Rice Cakes","rice-cakes","rice-cakes.jpg","https://upload.wikimedia.org/wikipedia/commons/6/6a/Purple_rice_cakes.jpg","https://commons.wikimedia.org/wiki/File:Purple_rice_cakes.jpg","See Commons file page for creator and license"
"Upma","upma","upma.jpg","https://upload.wikimedia.org/wikipedia/commons/0/09/Upma_South_India.JPG","https://commons.wikimedia.org/wiki/File:Upma_South_India.JPG","See Commons file page for creator and license"
"Poori","poori","poori.jpg","https://upload.wikimedia.org/wikipedia/commons/8/86/Poori_Masala_Tamil_Nadu.jpg","https://commons.wikimedia.org/wiki/File:Poori_Masala_Tamil_Nadu.jpg","See Commons file page for creator and license"
"Sambar","sambar","sambar.jpg","https://upload.wikimedia.org/wikipedia/commons/d/d3/Sambar._a_south_Indian_papular_dish.JPG","https://commons.wikimedia.org/wiki/File:Sambar._a_south_Indian_papular_dish.JPG","See Commons file page for creator and license"
"Mangosteen","mangosteen","mangosteen.jpg","https://upload.wikimedia.org/wikipedia/commons/e/e3/Mangosteen_scale_v2.jpg","https://commons.wikimedia.org/wiki/File:Mangosteen_scale_v2.jpg","See Commons file page for creator and license"
"Passion Fruit","passionfruit","passionfruit.jpg","https://upload.wikimedia.org/wikipedia/commons/5/56/Passion_fruit.jpg","https://commons.wikimedia.org/wiki/File:Passion_fruit.jpg","See Commons file page for creator and license"
"Tamarind","tamarind","tamarind.jpg","https://upload.wikimedia.org/wikipedia/commons/c/cd/Tamarind_fruits_%28Tamarindus_indica_%27Si_Thong%27%29.jpg","https://commons.wikimedia.org/wiki/File:Tamarind_fruits_(Tamarindus_indica_'Si_Thong').jpg","See Commons file page for creator and license"
"Sapota","sapota","sapota.jpg","https://upload.wikimedia.org/wikipedia/commons/9/94/Young_sapodillas_on_a_sapodilla_tree.jpg","https://commons.wikimedia.org/wiki/File:Young_sapodillas_on_a_sapodilla_tree.jpg","See Commons file page for creator and license"
"Breadfruit","breadfruit","breadfruit.jpg","https://upload.wikimedia.org/wikipedia/commons/5/57/Artocarpus_altilis_%28fruit%29.jpg","https://commons.wikimedia.org/wiki/File:Artocarpus_altilis_(fruit).jpg","See Commons file page for creator and license"
"Quince","quince","quince.jpg","https://upload.wikimedia.org/wikipedia/commons/0/01/Quince_%2810889s%29.jpg","https://commons.wikimedia.org/wiki/File:Quince_(10889s).jpg","See Commons file page for creator and license"
"Pomelo","pomelo","pomelo.jpg","https://upload.wikimedia.org/wikipedia/commons/f/f3/Pomelo_fruit.jpg","https://commons.wikimedia.org/wiki/File:Pomelo_fruit.jpg","See Commons file page for creator and license"
"Longan","longan","longan.jpg","https://upload.wikimedia.org/wikipedia/commons/2/29/Dimocarpus_longan_%284%29.jpg","https://commons.wikimedia.org/wiki/File:Dimocarpus_longan_(4).jpg","See Commons file page for creator and license"
"Jicama","jicama","jicama.jpg","https://upload.wikimedia.org/wikipedia/commons/a/aa/Pachyrhizus_erosus_SF26099-06.jpg","https://commons.wikimedia.org/wiki/File:Pachyrhizus_erosus_SF26099-06.jpg","See Commons file page for creator and license"
"Parsnip","parsnip","parsnip.jpg","https://upload.wikimedia.org/wikipedia/commons/a/a3/Pastinaca_sativa_plant.jpg","https://commons.wikimedia.org/wiki/File:Pastinaca_sativa_plant.jpg","See Commons file page for creator and license"
"Collard Greens","collard-greens","collard-greens-fresh.jpg","https://upload.wikimedia.org/wikipedia/commons/a/ab/Collards.jpg","https://commons.wikimedia.org/wiki/File:Collards.jpg","See Commons file page for creator and license"
"Watercress","watercress","watercress.jpg","https://upload.wikimedia.org/wikipedia/commons/d/dd/Watercress_%282%29.JPG","https://commons.wikimedia.org/wiki/File:Watercress_(2).JPG","See Commons file page for creator and license"
"Bamboo Shoots","bamboo-shoots","bamboo-shoots.jpg","https://upload.wikimedia.org/wikipedia/commons/1/18/Bamboo_Shoots_Pickle.jpg","https://commons.wikimedia.org/wiki/File:Bamboo_Shoots_Pickle.jpg","See Commons file page for creator and license"
"Cassava","cassava","cassava.jpg","https://upload.wikimedia.org/wikipedia/commons/8/8f/Manihot_esculenta_dsc07325.jpg","https://commons.wikimedia.org/wiki/File:Manihot_esculenta_dsc07325.jpg","See Commons file page for creator and license"
"Yam","yam","yam.jpg","https://upload.wikimedia.org/wikipedia/commons/0/08/Roast_yam.jpg","https://commons.wikimedia.org/wiki/File:Roast_yam.jpg","See Commons file page for creator and license"
"Chayote","chayote","chayote.jpg","https://upload.wikimedia.org/wikipedia/commons/c/c2/Chayote_1.jpg","https://commons.wikimedia.org/wiki/File:Chayote_1.jpg","See Commons file page for creator and license"
"Mustard Greens","mustard-greens","mustard-greens.jpg","https://upload.wikimedia.org/wikipedia/commons/6/6b/Brassica_juncea_var._juncea.JPG","https://commons.wikimedia.org/wiki/File:Brassica_juncea_var._juncea.JPG","See Commons file page for creator and license"
"Oat Bran","oat-bran","oat-bran.jpg","https://upload.wikimedia.org/wikipedia/commons/1/15/Stack_of_Cracklin%27_Oat_Bran_cereal.jpg","https://commons.wikimedia.org/wiki/File:Stack_of_Cracklin'_Oat_Bran_cereal.jpg","See Commons file page for creator and license"
"Bulgur","bulgur","bulgur.jpg","https://upload.wikimedia.org/wikipedia/commons/b/ba/Bulgur_lose_26022015_8675.jpg","https://commons.wikimedia.org/wiki/File:Bulgur_lose_26022015_8675.jpg","See Commons file page for creator and license"
"Farro","farro","farro.jpg","https://upload.wikimedia.org/wikipedia/commons/e/ea/Triticum_dicoccum_var_atratum_RF.jpg","https://commons.wikimedia.org/wiki/File:Triticum_dicoccum_var_atratum_RF.jpg","See Commons file page for creator and license"
"Spelt","spelt","spelt.jpg","https://upload.wikimedia.org/wikipedia/commons/2/28/Kifli_made_with_spelt_flour_%28Serbian_cuisine%29.jpg","https://commons.wikimedia.org/wiki/File:Kifli_made_with_spelt_flour_(Serbian_cuisine).jpg","See Commons file page for creator and license"
"Lupin Beans","lupin-beans","lupin-beans.jpg","https://upload.wikimedia.org/wikipedia/commons/5/57/Ciotola_di_lupini.jpg","https://commons.wikimedia.org/wiki/File:Ciotola_di_lupini.jpg","See Commons file page for creator and license"
"Mung Bean Sprouts","mung-bean-sprouts","mung-bean-sprouts.jpg","https://upload.wikimedia.org/wikipedia/commons/f/fe/Mung_bean_sprouts%2C_close-up.jpg","https://commons.wikimedia.org/wiki/File:Mung_bean_sprouts%2C_close-up.jpg","See Commons file page for creator and license"
"Brazil Nuts","brazil-nuts","brazil-nuts.jpg","https://upload.wikimedia.org/wikipedia/commons/7/74/Brazil_nuts_9576.jpg","https://commons.wikimedia.org/wiki/File:Brazil_nuts_9576.jpg","See Commons file page for creator and license"
"Pumpkin Seeds","pumpkin-seeds","pumpkin-seeds.jpg","https://upload.wikimedia.org/wikipedia/commons/4/4f/Pumpkin_Seeds_macro_1.jpg","https://commons.wikimedia.org/wiki/File:Pumpkin_Seeds_macro_1.jpg","See Commons file page for creator and license"
"Kefir","kefir","kefir.jpg","https://upload.wikimedia.org/wikipedia/commons/8/83/Kefir_in_a_glass.JPG","https://commons.wikimedia.org/wiki/File:Kefir_in_a_glass.JPG","See Commons file page for creator and license"
"Duck Meat","duck-meat","duck-meat.jpg","https://upload.wikimedia.org/wikipedia/commons/1/12/Duck_meat_1_2017-03-13.jpg","https://commons.wikimedia.org/wiki/File:Duck_meat_1_2017-03-13.jpg","See Commons file page for creator and license"
"Trout","trout","trout.jpg","https://upload.wikimedia.org/wikipedia/commons/1/1d/Female_Rainbow_Trout_in_hand.JPG","https://commons.wikimedia.org/wiki/File:Female_Rainbow_Trout_in_hand.JPG","See Commons file page for creator and license"
"Granola","granola","granola.jpg","https://upload.wikimedia.org/wikipedia/commons/d/dd/Granola_b.JPG","https://commons.wikimedia.org/wiki/File:Granola_b.JPG","See Commons file page for creator and license"
"Thepla","thepla","thepla.jpg","https://upload.wikimedia.org/wikipedia/commons/b/bc/Thepla_2.jpg","https://commons.wikimedia.org/wiki/File:Thepla_2.jpg","See Commons file page for creator and license"
"Rajma Chawal","rajma-chawal","rajma-chawal.jpg","https://upload.wikimedia.org/wikipedia/commons/c/c4/Rajma_Chawal_Thali.jpg","https://commons.wikimedia.org/wiki/File:Rajma_Chawal_Thali.jpg","See Commons file page for creator and license"
"Soursop","soursop","soursop.jpg","https://upload.wikimedia.org/wikipedia/commons/a/a3/Soursop%2C_Annona_muricata.jpg","https://commons.wikimedia.org/wiki/File:Soursop%2C_Annona_muricata.jpg","See Commons file page for creator and license"
"Feijoa","feijoa","feijoa.jpg","https://upload.wikimedia.org/wikipedia/commons/3/3c/Feijoa_sellowiana_.jpg","https://commons.wikimedia.org/wiki/File:Feijoa_sellowiana_.jpg","See Commons file page for creator and license"
"Elderberries","elderberries","elderberries.jpg","https://upload.wikimedia.org/wikipedia/commons/e/e0/Elderberry_berries_-_geograph.org.uk_-_6953529.jpg","https://commons.wikimedia.org/wiki/File:Elderberry_berries_-_geograph.org.uk_-_6953529.jpg","See Commons file page for creator and license"
"Plantain","plantain","plantain.jpg","https://upload.wikimedia.org/wikipedia/commons/f/fc/Plantain_and_banana.jpg","https://commons.wikimedia.org/wiki/File:Plantain_and_banana.jpg","See Commons file page for creator and license"
"Taro Root","taro-root","taro-root.jpg","https://upload.wikimedia.org/wikipedia/commons/8/86/Asian_Taro_Root.jpg","https://commons.wikimedia.org/wiki/File:Asian_Taro_Root.jpg","See Commons file page for creator and license"
"Endive","endive","endive.jpg","https://upload.wikimedia.org/wikipedia/commons/3/30/Cichorium_endivia_kz01.jpg","https://commons.wikimedia.org/wiki/File:Cichorium_endivia_kz01.jpg","See Commons file page for creator and license"
"Romanesco","romanesco","romanesco.jpg","https://upload.wikimedia.org/wikipedia/commons/2/26/Romanesco_broccoli_2025_G2.jpg","https://commons.wikimedia.org/wiki/File:Romanesco_broccoli_2025_G2.jpg","See Commons file page for creator and license"
"Teff","teff","teff.jpg","https://upload.wikimedia.org/wikipedia/commons/5/51/Teff_pluim_Eragrostis_tef.jpg","https://commons.wikimedia.org/wiki/File:Teff_pluim_Eragrostis_tef.jpg","See Commons file page for creator and license"
"Triticale","triticale","triticale.jpg","https://upload.wikimedia.org/wikipedia/commons/8/80/Triticale.jpg","https://commons.wikimedia.org/wiki/File:Triticale.jpg","See Commons file page for creator and license"
"Wild Rice","wild-rice","wild-rice.jpg","https://upload.wikimedia.org/wikipedia/commons/8/88/Wild_rice_%286213123029%29.jpg","https://commons.wikimedia.org/wiki/File:Wild_rice_(6213123029).jpg","See Commons file page for creator and license"
"Buckwheat","buckwheat","buckwheat.jpg","https://upload.wikimedia.org/wikipedia/commons/a/a0/Buckwheat_and_products_from_it_01.jpg","https://commons.wikimedia.org/wiki/File:Buckwheat_and_products_from_it_01.jpg","See Commons file page for creator and license"
"Fava Beans","fava-beans","fava-beans.jpg","https://upload.wikimedia.org/wikipedia/commons/c/c1/Fava_beans_at_the_Sonoma_Farmer%27s_Market_-_Sarah_Stierch.jpg","https://commons.wikimedia.org/wiki/File:Fava_beans_at_the_Sonoma_Farmer's_Market_-_Sarah_Stierch.jpg","See Commons file page for creator and license"
"Macadamia Nuts","macadamia-nuts","macadamia-nuts.jpg","https://upload.wikimedia.org/wikipedia/commons/0/00/Macadamia_nuts.jpg","https://commons.wikimedia.org/wiki/File:Macadamia_nuts.jpg","See Commons file page for creator and license"
"Halloumi","halloumi","halloumi.jpg","https://upload.wikimedia.org/wikipedia/commons/3/30/Grilled_Halloumi.jpg","https://commons.wikimedia.org/wiki/File:Grilled_Halloumi.jpg","See Commons file page for creator and license"
"Chicken Liver","chicken-liver","chicken-liver.jpg","https://upload.wikimedia.org/wikipedia/commons/6/6f/Chicken_Liver.jpg","https://commons.wikimedia.org/wiki/File:Chicken_Liver.jpg","See Commons file page for creator and license"
"Anchovies","anchovies","anchovies.jpg","https://upload.wikimedia.org/wikipedia/commons/f/f6/Dried_sea_anchovies.jpg","https://commons.wikimedia.org/wiki/File:Dried_sea_anchovies.jpg","See Commons file page for creator and license"
"Puffed Rice","murmura","murmura.jpg","https://upload.wikimedia.org/wikipedia/commons/a/af/Spicy_Puffed_Rice_-_Badami%2C_Bagalkot_district_-_Karnataka_-_DSC_4046.jpg","https://commons.wikimedia.org/wiki/File:Spicy_Puffed_Rice_-_Badami%2C_Bagalkot_district_-_Karnataka_-_DSC_4046.jpg","See Commons file page for creator and license"
"Garlic","garlic","garlic.jpg","https://upload.wikimedia.org/wikipedia/commons/9/9a/Garlic_bulbs_and_cloves.jpg","https://commons.wikimedia.org/wiki/File:Garlic_bulbs_and_cloves.jpg","See Commons file page for creator and license"
"Ginger","ginger","ginger.jpg","https://upload.wikimedia.org/wikipedia/commons/2/24/Zingiber_officinale_230935597.jpg","https://commons.wikimedia.org/wiki/File:Zingiber_officinale_230935597.jpg","See Commons file page for creator and license"
"Green Beans","green-beans","green-beans.jpg","https://upload.wikimedia.org/wikipedia/commons/1/15/Green_beans_in_a_pile.JPG","https://commons.wikimedia.org/wiki/File:Green_beans_in_a_pile.JPG","See Commons file page for creator and license"
"Mushrooms","mushrooms","mushrooms.jpg","https://upload.wikimedia.org/wikipedia/commons/8/8d/Edible_mushrooms_in_baskets_2022_G1.jpg","https://commons.wikimedia.org/wiki/File:Edible_mushrooms_in_baskets_2022_G1.jpg","See Commons file page for creator and license"
"Sweet Corn","sweet-corn","sweet-corn.jpg","https://upload.wikimedia.org/wikipedia/commons/0/08/Lijiang_Yunnan_Sweet-Corn-on-an-internet-caf%C3%A9-01.jpg","https://commons.wikimedia.org/wiki/File:Lijiang_Yunnan_Sweet-Corn-on-an-internet-caf%C3%A9-01.jpg","See Commons file page for creator and license"
"Pear","pear","pear.jpg","https://upload.wikimedia.org/wikipedia/commons/0/0b/D%27anjou_pear.jpg","https://commons.wikimedia.org/wiki/File:D'anjou_pear.jpg","See Commons file page for creator and license"
"Lemon","lemon","lemon.jpg","https://upload.wikimedia.org/wikipedia/commons/f/f7/Lemon_-_whole_and_split.jpg","https://commons.wikimedia.org/wiki/File:Lemon_-_whole_and_split.jpg","See Commons file page for creator and license"
"Cauliflower","cauliflower","cauliflower.jpg","https://upload.wikimedia.org/wikipedia/commons/b/b2/Brassica_oleracea_var._botrytis_%28Coliflor%29.jpg","https://commons.wikimedia.org/wiki/File:Brassica_oleracea_var._botrytis_(Coliflor).jpg","See Commons file page for creator and license"
"Green Peas","green-peas","green-peas.jpg","https://upload.wikimedia.org/wikipedia/commons/7/7a/India_-_Varanasi_green_peas_-_2714.jpg","https://commons.wikimedia.org/wiki/File:India_-_Varanasi_green_peas_-_2714.jpg","See Commons file page for creator and license"
"Okra","okra","okra.jpg","https://upload.wikimedia.org/wikipedia/commons/8/8d/Okra_in_Margarita_Island.jpg","https://commons.wikimedia.org/wiki/File:Okra_in_Margarita_Island.jpg","See Commons file page for creator and license"
"Cabbage","cabbage","cabbage.jpg","https://upload.wikimedia.org/wikipedia/commons/5/5d/Cabbage_heads.jpg","https://commons.wikimedia.org/wiki/File:Cabbage_heads.jpg","See Commons file page for creator and license"
"Apple","apple","apple.jpg","https://upload.wikimedia.org/wikipedia/commons/1/15/Red_Apple.jpg","https://commons.wikimedia.org/wiki/File:Red_Apple.jpg","See Commons file page for creator and license"
"Banana","banana","banana.jpg","https://upload.wikimedia.org/wikipedia/commons/9/98/Bananas_on_black_background_02.jpg","https://commons.wikimedia.org/wiki/File:Bananas_on_black_background_02.jpg","See Commons file page for creator and license"
"Mango","mango","mango.jpg","https://upload.wikimedia.org/wikipedia/commons/a/af/Mango_fruit_Nam_Dok_Mai.jpg","https://commons.wikimedia.org/wiki/File:Mango_fruit_Nam_Dok_Mai.jpg","See Commons file page for creator and license"
"Orange","orange","orange.jpg","https://upload.wikimedia.org/wikipedia/commons/d/dc/Orange_002_2014_03_19.jpg","https://commons.wikimedia.org/wiki/File:Orange_002_2014_03_19.jpg","See Commons file page for creator and license"
"Guava","guava","guava.jpg","https://upload.wikimedia.org/wikipedia/commons/1/1a/Guava_tree_with_guava.jpg","https://commons.wikimedia.org/wiki/File:Guava_tree_with_guava.jpg","See Commons file page for creator and license"
"Watermelon","watermelon","watermelon.jpg","https://upload.wikimedia.org/wikipedia/commons/4/47/Taiwan_2009_Tainan_City_Organic_Farm_Watermelon_FRD_7962.jpg","https://commons.wikimedia.org/wiki/File:Taiwan_2009_Tainan_City_Organic_Farm_Watermelon_FRD_7962.jpg","See Commons file page for creator and license"
"Papaya","papaya","papaya.jpg","https://upload.wikimedia.org/wikipedia/commons/e/ee/Papaya_-_longitudinal_section_close-up_view.jpg","https://commons.wikimedia.org/wiki/File:Papaya_-_longitudinal_section_close-up_view.jpg","See Commons file page for creator and license"
"Pomegranate","pomegranate","pomegranate.jpg","https://upload.wikimedia.org/wikipedia/commons/f/fa/Pomegranate_fruit_-_whole_and_piece_with_arils.jpg","https://commons.wikimedia.org/wiki/File:Pomegranate_fruit_-_whole_and_piece_with_arils.jpg","See Commons file page for creator and license"
"Spinach","spinach","spinach.jpg","https://upload.wikimedia.org/wikipedia/commons/7/77/Spinacia_oleracea_bd-1.jpg","https://commons.wikimedia.org/wiki/File:Spinacia_oleracea_bd-1.jpg","See Commons file page for creator and license"
"Broccoli","broccoli","broccoli.jpg","https://upload.wikimedia.org/wikipedia/commons/0/03/Broccoli_and_cross_section_edit.jpg","https://commons.wikimedia.org/wiki/File:Broccoli_and_cross_section_edit.jpg","See Commons file page for creator and license"
"Carrot","carrot","carrot.jpg","https://upload.wikimedia.org/wikipedia/commons/3/3c/Preparing_and_slicing_carrots.jpg","https://commons.wikimedia.org/wiki/File:Preparing_and_slicing_carrots.jpg","See Commons file page for creator and license"
"Potato (Boiled)","potato","potato.jpg","https://upload.wikimedia.org/wikipedia/commons/9/9a/Dosa_with_Sambhar_and_Cooked_Potato_Vegetable_%2C_Nagpur.jpg","https://commons.wikimedia.org/wiki/File:Dosa_with_Sambhar_and_Cooked_Potato_Vegetable_%2C_Nagpur.jpg","See Commons file page for creator and license"
"Rolled Oats","rolled-oats","rolled-oats.jpg","https://upload.wikimedia.org/wikipedia/commons/9/97/Rolled_oats.jpg","https://commons.wikimedia.org/wiki/File:Rolled_oats.jpg","See Commons file page for creator and license"
"Brown Rice (Cooked)","brown-rice","brown-rice.jpg","https://upload.wikimedia.org/wikipedia/commons/5/5c/Brown_Rice.jpg","https://commons.wikimedia.org/wiki/File:Brown_Rice.jpg","See Commons file page for creator and license"
"White Basmati Rice (Cooked)","white-rice","white-rice.jpg","https://upload.wikimedia.org/wikipedia/commons/c/ce/Plain_white_rice-min-min.jpg","https://commons.wikimedia.org/wiki/File:Plain_white_rice-min-min.jpg","See Commons file page for creator and license"
"Ragi (Finger Millet Flour)","ragi-finger-millet","ragi-finger-millet.jpg","https://upload.wikimedia.org/wikipedia/commons/b/b7/Ragi_packet.jpg","https://commons.wikimedia.org/wiki/File:Ragi_packet.jpg","See Commons file page for creator and license"
"Chickpeas (Chole / Garbanzo)","chickpeas","chickpeas.jpg","https://upload.wikimedia.org/wikipedia/commons/d/d9/Ordinary_chickpeas_in_a_ceramic_bowl.jpg","https://commons.wikimedia.org/wiki/File:Ordinary_chickpeas_in_a_ceramic_bowl.jpg","See Commons file page for creator and license"
"Yellow Dal (Toor / Pigeon Pea)","yellow-dal-toor","yellow-dal-toor.jpg","https://upload.wikimedia.org/wikipedia/commons/7/77/Yellow_dal_dish.jpg","https://commons.wikimedia.org/wiki/File:Yellow_dal_dish.jpg","See Commons file page for creator and license"
"Soybeans (Mature Seeds)","soybeans","soybeans.jpg","https://upload.wikimedia.org/wikipedia/commons/8/82/Soybean.USDA.jpg","https://commons.wikimedia.org/wiki/File:Soybean.USDA.jpg","See Commons file page for creator and license"
"Almonds","almonds","almonds.jpg","https://upload.wikimedia.org/wikipedia/commons/3/37/Almonds_-_in_shell%2C_shell_cracked_open%2C_shelled%2C_blanched.jpg","https://commons.wikimedia.org/wiki/File:Almonds_-_in_shell%2C_shell_cracked_open%2C_shelled%2C_blanched.jpg","See Commons file page for creator and license"
"Chia Seeds","chia-seeds","chia-seeds.jpg","https://upload.wikimedia.org/wikipedia/commons/7/70/Chia_seeds.jpg","https://commons.wikimedia.org/wiki/File:Chia_seeds.jpg","See Commons file page for creator and license"
"Paneer (Indian Cottage Cheese)","paneer","paneer.jpg","https://upload.wikimedia.org/wikipedia/commons/3/36/Panir_Paneer_Indian_cheese_fresh.jpg","https://commons.wikimedia.org/wiki/File:Panir_Paneer_Indian_cheese_fresh.jpg","See Commons file page for creator and license"
"Greek Yogurt (Plain, Low Fat)","greek-yogurt","greek-yogurt.jpg","https://upload.wikimedia.org/wikipedia/commons/e/ea/Turkish_strained_yogurt.jpg","https://commons.wikimedia.org/wiki/File:Turkish_strained_yogurt.jpg","See Commons file page for creator and license"
"Chicken Breast (Skinless, Cooked)","chicken-breast","chicken-breast.jpg","https://upload.wikimedia.org/wikipedia/commons/5/5a/020240103_Boiled_chicken_breast.jpg","https://commons.wikimedia.org/wiki/File:020240103_Boiled_chicken_breast.jpg","See Commons file page for creator and license"
"Atlantic Salmon (Cooked)","salmon","salmon.jpg","https://upload.wikimedia.org/wikipedia/commons/0/0f/Atlantic_salmon_fish.jpg","https://commons.wikimedia.org/wiki/File:Atlantic_salmon_fish.jpg","See Commons file page for creator and license"
"Prawns / Shrimp (Cooked)","prawns-shrimp","prawns-shrimp.jpg","https://upload.wikimedia.org/wikipedia/commons/5/53/Prawns_in_Tanzania.jpg","https://commons.wikimedia.org/wiki/File:Prawns_in_Tanzania.jpg","See Commons file page for creator and license"
"Whole Egg (Boiled)","whole-egg","whole-egg.jpg","https://upload.wikimedia.org/wikipedia/commons/2/2d/1_Egg_Cooked_5_Minutes_in_Hot_Water.jpg","https://commons.wikimedia.org/wiki/File:1_Egg_Cooked_5_Minutes_in_Hot_Water.jpg","See Commons file page for creator and license"
"Egg White (Cooked)","egg-white","egg-white.jpg","https://upload.wikimedia.org/wikipedia/commons/e/e2/Egg_white_1.jpg","https://commons.wikimedia.org/wiki/File:Egg_white_1.jpg","See Commons file page for creator and license"
"Chapati / Whole Wheat Roti","chapati-roti","chapati-roti.jpg","https://upload.wikimedia.org/wikipedia/commons/9/91/Chapati-1.jpg","https://commons.wikimedia.org/wiki/File:Chapati-1.jpg","See Commons file page for creator and license"
"Steamed Idli","steamed-idli","steamed-idli.jpg","https://upload.wikimedia.org/wikipedia/commons/b/b5/Steamed_idli.jpg","https://commons.wikimedia.org/wiki/File:Steamed_idli.jpg","See Commons file page for creator and license"
"Firm Tofu","tofu-firm","tofu-firm.jpg","https://upload.wikimedia.org/wikipedia/commons/e/ef/Tea_pressed_tofu.jpg","https://commons.wikimedia.org/wiki/File:Tea_pressed_tofu.jpg","See Commons file page for creator and license"
"Dark Chocolate (85% Cocoa)","dark-chocolate-85","dark-chocolate-85.jpg","https://upload.wikimedia.org/wikipedia/commons/c/cd/Green_and_Black%27s_dark_chocolate_bar_2.jpg","https://commons.wikimedia.org/wiki/File:Green_and_Black's_dark_chocolate_bar_2.jpg","See Commons file page for creator and license"
"Grapes","grapes","grapes.jpg","https://upload.wikimedia.org/wikipedia/commons/e/e3/Close_up_grapes.jpg","https://commons.wikimedia.org/wiki/File:Close_up_grapes.jpg","See Commons file page for creator and license"
"Strawberry","strawberry","strawberry.jpg","https://upload.wikimedia.org/wikipedia/commons/8/8b/Strawberry-1.jpg","https://commons.wikimedia.org/wiki/File:Strawberry-1.jpg","See Commons file page for creator and license"
"Kiwi","kiwi","kiwi.jpg","https://upload.wikimedia.org/wikipedia/commons/b/b8/Kiwi_%28Actinidia_chinensis%29_1_Luc_Viatour.jpg","https://commons.wikimedia.org/wiki/File:Kiwi_(Actinidia_chinensis)_1_Luc_Viatour.jpg","See Commons file page for creator and license"
"Pineapple","pineapple","pineapple.jpg","https://upload.wikimedia.org/wikipedia/commons/7/75/AnanasComosusOnPlant.jpg","https://commons.wikimedia.org/wiki/File:AnanasComosusOnPlant.jpg","See Commons file page for creator and license"
"Tomato","tomato","tomato.jpg","https://upload.wikimedia.org/wikipedia/commons/8/89/Tomato_je.jpg","https://commons.wikimedia.org/wiki/File:Tomato_je.jpg","See Commons file page for creator and license"
"Onion","onion","onion.jpg","https://upload.wikimedia.org/wikipedia/commons/2/25/Onion_on_White.JPG","https://commons.wikimedia.org/wiki/File:Onion_on_White.JPG","See Commons file page for creator and license"
"Beetroot","beetroot","beetroot.jpg","https://upload.wikimedia.org/wikipedia/commons/5/52/Beetroots_in_a_basket.jpg","https://commons.wikimedia.org/wiki/File:Beetroots_in_a_basket.jpg","See Commons file page for creator and license"
"Cucumber","cucumber","cucumber.jpg","https://upload.wikimedia.org/wikipedia/commons/8/86/Cucumber_in_jaffna.JPG","https://commons.wikimedia.org/wiki/File:Cucumber_in_jaffna.JPG","See Commons file page for creator and license"
"Capsicum (Bell Pepper)","capsicum","capsicum.jpg","https://upload.wikimedia.org/wikipedia/commons/2/23/Baby_Bell_pepper_Capsicum_annuum_3.jpg","https://commons.wikimedia.org/wiki/File:Baby_Bell_pepper_Capsicum_annuum_3.jpg","See Commons file page for creator and license"
"Oats","oats","oats.jpg","https://upload.wikimedia.org/wikipedia/commons/f/f6/Avena_sativa_MHNT.BOT.2015.2.33.jpg","https://commons.wikimedia.org/wiki/File:Avena_sativa_MHNT.BOT.2015.2.33.jpg","See Commons file page for creator and license"
"Whole Wheat","wheat","wheat.jpg","https://upload.wikimedia.org/wikipedia/commons/6/66/Whole_wheat_grain_flour_being_scooped.jpg","https://commons.wikimedia.org/wiki/File:Whole_wheat_grain_flour_being_scooped.jpg","See Commons file page for creator and license"
"Millets (Pearl Millet / Bajra)","millets","millets.jpg","https://upload.wikimedia.org/wikipedia/commons/7/75/Finger_millets.jpg","https://commons.wikimedia.org/wiki/File:Finger_millets.jpg","See Commons file page for creator and license"
"Barley","barley","barley.jpg","https://upload.wikimedia.org/wikipedia/commons/6/65/Barley_Seeds.jpg","https://commons.wikimedia.org/wiki/File:Barley_Seeds.jpg","See Commons file page for creator and license"
"Quinoa","quinoa","quinoa.jpg","https://upload.wikimedia.org/wikipedia/commons/f/f4/Chenopodium_quinoa0.jpg","https://commons.wikimedia.org/wiki/File:Chenopodium_quinoa0.jpg","See Commons file page for creator and license"
"Kidney Beans (Rajma)","kidney-beans","kidney-beans.jpg","https://upload.wikimedia.org/wikipedia/commons/c/c6/Red_Speckled_Kidney_Beans.jpg","https://commons.wikimedia.org/wiki/File:Red_Speckled_Kidney_Beans.jpg","See Commons file page for creator and license"
"Green Moong Dal","green-moong-dal","green-moong-dal.jpg","https://upload.wikimedia.org/wikipedia/commons/3/33/Green_Moong_Dal.jpg","https://commons.wikimedia.org/wiki/File:Green_Moong_Dal.jpg","See Commons file page for creator and license"
"Urad Dal (Black Gram)","urad-dal","urad-dal.jpg","https://upload.wikimedia.org/wikipedia/commons/e/ed/Urad_dal.JPG","https://commons.wikimedia.org/wiki/File:Urad_dal.JPG","See Commons file page for creator and license"
"Walnuts","walnuts","walnuts.jpg","https://upload.wikimedia.org/wikipedia/commons/b/b2/Walnuts_-_whole_and_open_with_halved_kernel.jpg","https://commons.wikimedia.org/wiki/File:Walnuts_-_whole_and_open_with_halved_kernel.jpg","See Commons file page for creator and license"
"Cashews","cashews","cashews.jpg","https://upload.wikimedia.org/wikipedia/commons/a/a6/Factory_workers_engaged_in_deshelling%2C_scooping%2C_and_kernel_separation_of_cashew_nuts.jpg","https://commons.wikimedia.org/wiki/File:Factory_workers_engaged_in_deshelling%2C_scooping%2C_and_kernel_separation_of_cashew_nuts.jpg","See Commons file page for creator and license"
"Flax Seeds (Alsi)","flax-seeds","flax-seeds.jpg","https://upload.wikimedia.org/wikipedia/commons/5/56/Brown_Flax_Seeds.jpg","https://commons.wikimedia.org/wiki/File:Brown_Flax_Seeds.jpg","See Commons file page for creator and license"
"Peanuts","peanuts","peanuts.jpg","https://upload.wikimedia.org/wikipedia/commons/f/fb/Peanuts_%28Arachis_hypogaea%29_-_in_shell%2C_shell_cracked_open%2C_shelled%2C_peeled.jpg","https://commons.wikimedia.org/wiki/File:Peanuts_(Arachis_hypogaea)_-_in_shell%2C_shell_cracked_open%2C_shelled%2C_peeled.jpg","See Commons file page for creator and license"
"Yogurt (Greek-Style)","yogurt","yogurt.jpg","https://upload.wikimedia.org/wikipedia/commons/e/ea/Turkish_strained_yogurt.jpg","https://commons.wikimedia.org/wiki/File:Turkish_strained_yogurt.jpg","See Commons file page for creator and license"
"Cow Milk (Whole)","milk","milk.jpg","https://upload.wikimedia.org/wikipedia/commons/a/a3/Glass_of_milk_on_table.jpg","https://commons.wikimedia.org/wiki/File:Glass_of_milk_on_table.jpg","See Commons file page for creator and license"
"Buttermilk (Chaas)","buttermilk","buttermilk.jpg","https://upload.wikimedia.org/wikipedia/commons/2/23/Buttermilk-%28right%29-and-Milk-%28left%29.jpg","https://commons.wikimedia.org/wiki/File:Buttermilk-(right)-and-Milk-(left).jpg","See Commons file page for creator and license"
"Mutton (Lamb Leg)","mutton","mutton.jpg","https://upload.wikimedia.org/wikipedia/commons/2/24/Mutton_chop.jpg","https://commons.wikimedia.org/wiki/File:Mutton_chop.jpg","See Commons file page for creator and license"
"Turkey Breast","turkey","turkey.jpg","https://upload.wikimedia.org/wikipedia/commons/f/f5/Cooked_turkey_breast_-_November_2023_-_Sarah_Stierch.jpg","https://commons.wikimedia.org/wiki/File:Cooked_turkey_breast_-_November_2023_-_Sarah_Stierch.jpg","See Commons file page for creator and license"
"Tuna (Skipjack)","tuna","tuna.png","https://upload.wikimedia.org/wikipedia/commons/2/21/Tuna_assortment.png","https://commons.wikimedia.org/wiki/File:Tuna_assortment.png","See Commons file page for creator and license"
"Prawns (Shrimp)","prawns","prawns.jpg","https://upload.wikimedia.org/wikipedia/commons/f/fa/Prawns-2024.jpg","https://commons.wikimedia.org/wiki/File:Prawns-2024.jpg","See Commons file page for creator and license"
"Sardines (Canned in Oil)","sardines","sardines.jpg","https://upload.wikimedia.org/wikipedia/commons/f/f4/Sardine-tins.jpg","https://commons.wikimedia.org/wiki/File:Sardine-tins.jpg","See Commons file page for creator and license"
"Egg Yolk","egg-yolk","egg-yolk.jpg","https://upload.wikimedia.org/wikipedia/commons/c/ca/Egg_yolk_in_kitchen_bowl_with_butter.jpg","https://commons.wikimedia.org/wiki/File:Egg_yolk_in_kitchen_bowl_with_butter.jpg","See Commons file page for creator and license"
"Idli","idli","idli.jpg","https://upload.wikimedia.org/wikipedia/commons/8/89/Idli.jpg","https://commons.wikimedia.org/wiki/File:Idli.jpg","See Commons file page for creator and license"
"Dal Tadka","dal-tadka","dal-tadka.jpg","https://upload.wikimedia.org/wikipedia/commons/2/20/Dal_Tadka_01_%2836779549481%29.jpg","https://commons.wikimedia.org/wiki/File:Dal_Tadka_01_(36779549481).jpg","See Commons file page for creator and license"
"Chapati (Roti)","chapati","chapati.jpg","https://upload.wikimedia.org/wikipedia/commons/a/a1/Chapati_1.jpg","https://commons.wikimedia.org/wiki/File:Chapati_1.jpg","See Commons file page for creator and license"
"Curd Rice (Thayir Sadam)","curd-rice","curd-rice.jpg","https://upload.wikimedia.org/wikipedia/commons/6/63/Curd_rice.jpg","https://commons.wikimedia.org/wiki/File:Curd_rice.jpg","See Commons file page for creator and license"
"Poha (Flattened Rice)","poha","poha.jpg","https://upload.wikimedia.org/wikipedia/commons/8/80/Poha.jpg","https://commons.wikimedia.org/wiki/File:Poha.jpg","See Commons file page for creator and license"
"Roasted Chana (Bhuna Chana)","roasted-chana","roasted-chana.jpg","https://upload.wikimedia.org/wikipedia/commons/3/3a/Roasted_Chana.JPG","https://commons.wikimedia.org/wiki/File:Roasted_Chana.JPG","See Commons file page for creator and license"
